{
  "location": {
    "precision": 1.0,
    "recall": 1.0,
    "f1-score": 1.0,
    "support": 155
  },
  "facility_type": {
    "precision": 1.0,
    "recall": 1.0,
    "f1-score": 1.0,
    "support": 151
  },
  "micro avg": {
    "precision": 1.0,
    "recall": 1.0,
    "f1-score": 1.0,
    "support": 306
  },
  "macro avg": {
    "precision": 1.0,
    "recall": 1.0,
    "f1-score": 1.0,
    "support": 306
  },
  "weighted avg": {
    "precision": 1.0,
    "recall": 1.0,
    "f1-score": 1.0,
    "support": 306
  }
}