{
  "location": {
    "precision": 0.9872611464968153,
    "recall": 1.0,
    "f1-score": 0.9935897435897436,
    "support": 155
  },
  "facility_type": {
    "precision": 1.0,
    "recall": 1.0,
    "f1-score": 1.0,
    "support": 151
  },
  "micro avg": {
    "precision": 0.9935064935064936,
    "recall": 1.0,
    "f1-score": 0.9967426710097721,
    "support": 306
  },
  "macro avg": {
    "precision": 0.9936305732484076,
    "recall": 1.0,
    "f1-score": 0.9967948717948718,
    "support": 306
  },
  "weighted avg": {
    "precision": 0.9935473127679947,
    "recall": 1.0,
    "f1-score": 0.9967529746941513,
    "support": 306
  }
}