[
  {
    "text": "Cusseta",
    "intent": "inform",
    "intent_prediction": {
      "name": "deny",
      "confidence": 0.31279951333999634
    }
  },
  {
    "text": "Unalaska",
    "intent": "inform",
    "intent_prediction": {
      "name": "deny",
      "confidence": 0.31279951333999634
    }
  },
  {
    "text": "home health agency",
    "intent": "inform",
    "intent_prediction": {
      "name": "search_provider",
      "confidence": 0.5835790634155273
    }
  },
  {
    "text": "hospital",
    "intent": "inform",
    "intent_prediction": {
      "name": "search_provider",
      "confidence": 0.4408775269985199
    }
  },
  {
    "text": "nursing home",
    "intent": "inform",
    "intent_prediction": {
      "name": "search_provider",
      "confidence": 0.4599877595901489
    }
  },
  {
    "text": "weatger",
    "intent": "ask_weather",
    "intent_prediction": {
      "name": "deny",
      "confidence": 0.31279951333999634
    }
  }
]