{
  "mood_unhappy": {
    "precision": 1.0,
    "recall": 1.0,
    "f1-score": 1.0,
    "support": 10,
    "confused_with": {}
  },
  "goodbye": {
    "precision": 1.0,
    "recall": 1.0,
    "f1-score": 1.0,
    "support": 19,
    "confused_with": {}
  },
  "ask_restaurant": {
    "precision": 1.0,
    "recall": 1.0,
    "f1-score": 1.0,
    "support": 53,
    "confused_with": {}
  },
  "thankyou": {
    "precision": 1.0,
    "recall": 1.0,
    "f1-score": 1.0,
    "support": 15,
    "confused_with": {}
  },
  "inform": {
    "precision": 1.0,
    "recall": 0.9438202247191011,
    "f1-score": 0.9710982658959537,
    "support": 89,
    "confused_with": {
      "search_provider": 3,
      "deny": 2
    }
  },
  "ask_weather": {
    "precision": 1.0,
    "recall": 0.9861111111111112,
    "f1-score": 0.993006993006993,
    "support": 72,
    "confused_with": {
      "deny": 1
    }
  },
  "ask_builder": {
    "precision": 1.0,
    "recall": 1.0,
    "f1-score": 1.0,
    "support": 104,
    "confused_with": {}
  },
  "mood_great": {
    "precision": 1.0,
    "recall": 1.0,
    "f1-score": 1.0,
    "support": 8,
    "confused_with": {}
  },
  "ask_time": {
    "precision": 1.0,
    "recall": 1.0,
    "f1-score": 1.0,
    "support": 47,
    "confused_with": {}
  },
  "deny": {
    "precision": 0.8125,
    "recall": 1.0,
    "f1-score": 0.896551724137931,
    "support": 13,
    "confused_with": {}
  },
  "telljoke": {
    "precision": 1.0,
    "recall": 1.0,
    "f1-score": 1.0,
    "support": 40,
    "confused_with": {}
  },
  "ask_wherefrom": {
    "precision": 1.0,
    "recall": 1.0,
    "f1-score": 1.0,
    "support": 46,
    "confused_with": {}
  },
  "ask_languagesbot": {
    "precision": 1.0,
    "recall": 1.0,
    "f1-score": 1.0,
    "support": 49,
    "confused_with": {}
  },
  "bot_challenge": {
    "precision": 1.0,
    "recall": 1.0,
    "f1-score": 1.0,
    "support": 4,
    "confused_with": {}
  },
  "affirm": {
    "precision": 1.0,
    "recall": 1.0,
    "f1-score": 1.0,
    "support": 14,
    "confused_with": {}
  },
  "ask_whatismyname": {
    "precision": 1.0,
    "recall": 1.0,
    "f1-score": 1.0,
    "support": 36,
    "confused_with": {}
  },
  "greet": {
    "precision": 1.0,
    "recall": 1.0,
    "f1-score": 1.0,
    "support": 21,
    "confused_with": {}
  },
  "ask_howdoing": {
    "precision": 1.0,
    "recall": 1.0,
    "f1-score": 1.0,
    "support": 81,
    "confused_with": {}
  },
  "ask_whoami": {
    "precision": 1.0,
    "recall": 1.0,
    "f1-score": 1.0,
    "support": 26,
    "confused_with": {}
  },
  "ask_howold": {
    "precision": 1.0,
    "recall": 1.0,
    "f1-score": 1.0,
    "support": 49,
    "confused_with": {}
  },
  "search_provider": {
    "precision": 0.9558823529411765,
    "recall": 1.0,
    "f1-score": 0.9774436090225563,
    "support": 65,
    "confused_with": {}
  },
  "handleinsult": {
    "precision": 1.0,
    "recall": 1.0,
    "f1-score": 1.0,
    "support": 73,
    "confused_with": {}
  },
  "accuracy": 0.9935760171306209,
  "macro avg": {
    "precision": 0.9894719251336899,
    "recall": 0.9968150607195551,
    "f1-score": 0.9926409360028834,
    "support": 934
  },
  "weighted avg": {
    "precision": 0.9943199710290969,
    "recall": 0.9935760171306209,
    "f1-score": 0.9936972764041784,
    "support": 934
  }
}